scenario,night,requests,served_pct,vehicle_miles,deadhead_miles,deadhead_pct,rides_per_veh_hr,pooled_rides_per_veh_hr,pooled_pct,wait_mean_min,wait_p90_min,door_to_door_mean_min,max_pickup_slip_min,kwh_eq_per_pax_mile,kg_co2,kg_co2_per_rider,ev_mile_share_pct,ev_charges,walked_riders,bus_handoffs,stranded_after_bus,van_changes,reopt_runs,reopt_improved
baseline,0,300,96.66666666666667,536.1137208701184,219.19906496062993,40.88667318658949,5.37037037037037,0.0,0.0,10.945983854076054,21.77793245220808,16.008543911547324,0.0,1.3074084571692324,154.0885625309305,0.4613430015896122,83.26582763805943,5,0,0,0,0,0,0
baseline,1,300,98.66666666666667,557.373439115565,230.9766588125348,41.44019836665458,5.481481481481482,0.0,0.0,11.411786149085161,19.92855099345264,16.481717736923,0.0,1.2800845764040312,164.02657567306926,0.458174792382875,81.3913647807773,5,0,0,0,0,0,0
baseline,2,300,97.0,527.8613522031337,206.82228286805056,39.181175512250874,5.388888888888889,0.0,0.0,8.321166390836458,15.501965344920125,13.448889185796364,0.0,1.27567633553911,153.3312306615477,0.45498881501942934,82.43094111255834,5,0,0,0,0,0,0
pooling,0,300,100.0,436.49275729738326,122.58305247355443,28.083639516162325,5.555555555555555,4.12962962962963,74.33333333333333,5.5111073314799475,10.278995592162296,12.933994831479957,4.978250000000116,0.72905725583728,119.75942190662086,0.3461254968399447,86.82799334345954,1,0,0,0,0,0,0
pooling,1,300,100.0,448.50554014554996,123.64715064026086,27.568700845954908,5.555555555555555,4.148148148148148,74.66666666666667,5.667922270870961,10.362401675167808,13.184184215315396,4.767916666666376,0.6855763814327824,124.3675165049997,0.34166900138736184,86.02940677309785,1,0,0,0,0,0,0
pooling,2,300,100.0,434.04921508391004,116.25761801081684,26.784432264977603,5.555555555555555,3.925925925925926,70.66666666666667,5.129223467983758,9.124861532558404,12.385876245761535,4.917416666666638,0.7764849482031535,124.14876162516461,0.3577774110235291,83.64607617805562,2,0,0,0,0,0,0
pool+reopt,0,300,100.0,442.68907082637384,132.42637994114372,29.914083872443825,5.555555555555555,4.12962962962963,74.33333333333333,5.881228720368892,10.286063659164505,13.20829899814667,4.409249999999884,0.7055258011858254,116.41219014289878,0.33645141659797334,89.94012118932287,3,0,0,0,42,235,40
pool+reopt,1,300,100.0,433.8434790821602,125.90732621490496,29.02137113626201,5.555555555555555,4.37037037037037,78.66666666666666,6.4996356042042684,11.996856294560384,13.892305604204266,4.8102499999998445,0.688971247040133,119.08517748846737,0.327157081012273,86.79487954369743,1,0,0,0,48,232,51
pool+reopt,2,300,100.0,428.3723057345104,116.50703640738092,27.197611714793663,5.555555555555555,3.8703703703703702,69.66666666666667,5.2491593013170466,9.356653274885806,12.38643985687259,4.664416666666754,0.7573288904202343,119.75122364281486,0.34510439090148376,85.4135431703932,1,0,0,0,39,215,41
pool+walk,0,300,100.0,436.415769406665,117.68683389008191,26.966677682175565,5.555555555555555,4.203703703703703,75.66666666666667,5.6364056311579676,10.62495341316349,13.081385942591075,4.9099999999998545,0.6961584032243261,117.69420785805342,0.34015667010998096,88.106482430026,1,6,0,0,0,0,0
pool+walk,1,300,100.0,461.899320468464,132.80069394734747,28.75100439911004,5.555555555555555,4.425925925925926,79.66666666666666,6.377000182277187,12.159100122426462,14.069109397736348,4.8388333333331195,0.6711280164885806,124.51395029831343,0.3420712920283336,88.13765806884437,3,4,0,0,0,0,0
pool+walk,2,300,100.0,439.62577298576315,116.17255229459953,26.425327956912493,5.555555555555555,3.888888888888889,70.0,5.032952131513499,8.961190775029271,12.283614856872655,4.953583333333275,0.7772296947946511,125.44068827629975,0.3615005425829964,83.8342715309245,1,2,0,0,0,0,0
pool+bus,0,300,100.0,424.8670887019804,119.09386681778413,28.03085246768115,5.555555555555555,4.314814814814815,77.66666666666666,5.74051387587922,11.17376416232321,13.884277069770503,4.978250000000359,0.7812305831296457,123.28935429453102,0.35632761356800874,82.51091432588727,1,0,25,0,0,0,0
pool+bus,1,300,100.0,447.25583840372224,124.28455320925792,27.788246130634207,5.555555555555555,4.37037037037037,78.66666666666666,6.408321968479061,12.885295279569114,14.808285301878016,4.980666666666851,0.7069707215411648,124.94969171565832,0.34326838383422614,85.46261853308297,2,0,29,0,0,0,0
pool+bus,2,300,100.0,432.44265986638044,127.02529726397839,29.37390527179434,5.555555555555555,3.5185185185185186,63.33333333333333,4.762341227682128,8.569043124136444,12.661741563528045,4.691000000000106,0.8209768326242749,123.27332813038521,0.35525454792618216,83.90860537194536,1,0,30,0,0,0,0
all_levers,0,300,100.0,428.7697347490655,128.72946989580848,30.022984241447567,5.555555555555555,4.111111111111111,74.0,5.438602864146034,9.635671203453054,13.544090125326019,4.978250000000116,0.738527760415316,119.10227208933165,0.34422621991136315,85.8973998533414,2,4,25,0,0,0,0
all_levers,1,300,100.0,437.8095049908534,120.98240028235108,27.633570971666916,5.555555555555555,4.481481481481482,80.66666666666666,5.5599032616161415,10.31357398243968,13.766613357433595,4.948333333333479,0.726132285145972,123.28225963014883,0.33868752645645284,84.85686845085364,2,2,29,0,0,0,0
all_levers,2,300,100.0,431.88647051220875,126.58188678119782,29.309065095527124,5.555555555555555,3.5185185185185186,63.33333333333333,4.752173751161798,8.569043124136444,12.654292119083602,4.691000000000106,0.8204396980252674,123.1475675375253,0.3548921254683726,83.8878826519785,1,1,30,0,0,0,0
baseline-nobus,0,300,96.66666666666667,536.1137208701184,219.19906496062993,40.88667318658949,5.37037037037037,0.0,0.0,10.945983854076054,21.77793245220808,16.008543911547324,0.0,1.3074084571692324,154.0885625309305,0.4613430015896122,83.26582763805943,5,0,0,0,0,0,0
baseline-nobus,1,300,98.66666666666667,557.373439115565,230.9766588125348,41.44019836665458,5.481481481481482,0.0,0.0,11.411786149085161,19.92855099345264,16.481717736923,0.0,1.2800845764040312,164.02657567306926,0.458174792382875,81.3913647807773,5,0,0,0,0,0,0
baseline-nobus,2,300,97.0,527.8613522031337,206.82228286805056,39.181175512250874,5.388888888888889,0.0,0.0,8.321166390836458,15.501965344920125,13.448889185796364,0.0,1.27567633553911,153.3312306615477,0.45498881501942934,82.43094111255834,5,0,0,0,0,0,0
pooling-nobus,0,300,100.0,436.49275729738326,122.58305247355443,28.083639516162325,5.555555555555555,4.12962962962963,74.33333333333333,5.5111073314799475,10.278995592162296,12.933994831479957,4.978250000000116,0.72905725583728,119.75942190662086,0.3461254968399447,86.82799334345954,1,0,0,0,0,0,0
pooling-nobus,1,300,100.0,448.50554014554996,123.64715064026086,27.568700845954908,5.555555555555555,4.148148148148148,74.66666666666667,5.667922270870961,10.362401675167808,13.184184215315396,4.767916666666376,0.6855763814327824,124.3675165049997,0.34166900138736184,86.02940677309785,1,0,0,0,0,0,0
pooling-nobus,2,300,100.0,434.04921508391004,116.25761801081684,26.784432264977603,5.555555555555555,3.925925925925926,70.66666666666667,5.129223467983758,9.124861532558404,12.385876245761535,4.917416666666638,0.7764849482031535,124.14876162516461,0.3577774110235291,83.64607617805562,2,0,0,0,0,0,0
pool+reopt-nobus,0,300,100.0,442.68907082637384,132.42637994114372,29.914083872443825,5.555555555555555,4.12962962962963,74.33333333333333,5.881228720368892,10.286063659164505,13.20829899814667,4.409249999999884,0.7055258011858254,116.41219014289878,0.33645141659797334,89.94012118932287,3,0,0,0,42,235,40
pool+reopt-nobus,1,300,100.0,433.8434790821602,125.90732621490496,29.02137113626201,5.555555555555555,4.37037037037037,78.66666666666666,6.4996356042042684,11.996856294560384,13.892305604204266,4.8102499999998445,0.688971247040133,119.08517748846737,0.327157081012273,86.79487954369743,1,0,0,0,48,232,51
pool+reopt-nobus,2,300,100.0,428.3723057345104,116.50703640738092,27.197611714793663,5.555555555555555,3.8703703703703702,69.66666666666667,5.2491593013170466,9.356653274885806,12.38643985687259,4.664416666666754,0.7573288904202343,119.75122364281486,0.34510439090148376,85.4135431703932,1,0,0,0,39,215,41
pool+bus-nobus,0,300,100.0,436.49275729738326,122.58305247355443,28.083639516162325,5.555555555555555,4.12962962962963,74.33333333333333,5.5111073314799475,10.278995592162296,12.933994831479957,4.978250000000116,0.72905725583728,119.75942190662086,0.3461254968399447,86.82799334345954,1,0,0,0,0,0,0
pool+bus-nobus,1,300,100.0,448.50554014554996,123.64715064026086,27.568700845954908,5.555555555555555,4.148148148148148,74.66666666666667,5.667922270870961,10.362401675167808,13.184184215315396,4.767916666666376,0.6855763814327824,124.3675165049997,0.34166900138736184,86.02940677309785,1,0,0,0,0,0,0
pool+bus-nobus,2,300,100.0,434.04921508391004,116.25761801081684,26.784432264977603,5.555555555555555,3.925925925925926,70.66666666666667,5.129223467983758,9.124861532558404,12.385876245761535,4.917416666666638,0.7764849482031535,124.14876162516461,0.3577774110235291,83.64607617805562,2,0,0,0,0,0,0
