rid,t_req,status,mode,vid,party,accessible,shared,direct_min,direct_mi,walk_min,van_wait_min,pickup_slip_min,door_to_door_min
0,65130.173053682054,done,van,0,1,False,True,5.205666666666667,1.4301479360534477,0.0,7.540865771965764,0.0,17.205115771965698
1,65206.9007511209,done,van,1,1,False,True,4.452416666666666,1.2014212001908853,0.0,6.687070814651694,0.0,13.70298748131839
2,65510.203894617414,done,van,1,1,False,True,4.506083333333333,1.0155690765926986,0.0,3.4293517563763696,0.0,14.988018423043105
3,65536.83126437009,done,van,0,1,False,True,5.941666666666666,1.877659468702776,0.0,8.29856226049839,1.5539166666666764,19.356728927165143
4,65599.13427159328,done,van,0,1,False,True,3.7470833333333333,1.0357015032211883,0.0,5.096762140111968,0.0,14.458428806778587
5,65803.9240623754,done,van,2,2,False,True,4.412166666666666,1.2279537500994193,0.0,6.663848960410056,0.0,17.556932293743497
6,65936.68109548862,done,van,2,1,False,True,3.626333333333333,0.9877937842996898,0.0,8.538981741856453,1.8711666666667346,13.165315075189817
7,65977.18150069019,done,van,3,2,False,False,4.841499999999999,1.3936113099498928,0.0,9.549641655163578,0.0,15.391141655163665
8,66120.28526977089,done,van,4,1,False,True,2.3900833333333336,0.6175808279646862,0.0,16.047245503818463,3.58791666666657,19.937328837151775
9,66132.97645552862,done,van,4,2,False,True,3.0915833333333333,0.7790752008271693,0.0,5.6350590745229665,0.0,13.538392407856252
10,66338.77381650514,done,van,1,1,False,True,7.53825,2.1313653264932793,0.0,3.533853058247769,0.0,15.481103058247875
11,66486.23901296925,done,van,4,1,False,True,2.8500833333333326,0.7976541994750657,0.0,3.1163497838458474,0.0,11.737683117179161
12,66503.1200694446,done,van,3,1,False,False,4.747583333333333,1.0627311500835122,0.0,9.668915509256719,2.36875,15.416498842589984
13,66548.08828032484,done,van,1,1,False,True,3.7604999999999995,1.1488531973276068,0.0,2.4712786612527755,0.0,7.231778661252853
14,66846.93589359746,done,van,4,1,False,True,4.178333333333333,1.1489774715660541,0.0,2.9364017733755947,0.0,10.682068440042348
15,67033.59560646187,done,van,2,1,False,False,4.26075,0.9168953312654099,0.0,3.895906558969,0.0,9.156656558969068
16,67084.03455973609,done,van,0,1,False,True,5.891833333333333,1.5603252008271693,0.0,3.957507337731901,0.0,12.397507337732046
17,67108.78140890175,done,van,4,1,False,False,5.098333333333333,1.406349419390758,0.0,8.853476518304282,0.0,14.951809851637517
18,67359.10781625521,done,van,0,1,False,True,3.3235,1.122693470134415,0.0,5.107119729079811,0.0,11.088286395746643
19,67918.80722332091,done,van,2,1,False,False,5.366666666666666,1.4075921617752327,0.0,1.6567129446516142,0.0,8.023379611318282
20,68109.85243463678,done,van,4,1,False,False,3.2774999999999994,0.9101223852700231,0.0,1.8902094227203634,0.0,6.167709422720266
21,68418.38044637335,done,van,4,1,False,False,2.71975,0.6507620496301598,0.0,4.026825893777277,0.0,7.746575893777238
22,68427.79500858819,done,van,0,1,False,True,3.496,0.8765062037699832,0.0,2.3635831901968536,0.0,7.859583190197009
23,68522.07545908836,done,van,0,1,False,True,3.7700833333333326,1.0483153384236061,0.0,2.5819090151941055,0.0,10.424159015194164
24,68638.51801110717,done,van,3,2,False,False,2.5376666666666665,0.7767139902966674,0.0,5.009949814880626,0.0,8.547616481547205
25,68834.47369416407,done,van,2,1,False,False,2.9727499999999996,0.8134991648771176,0.0,3.722188430598665,0.0,7.694938430598753
26,69126.90925344739,done,van,0,1,False,False,2.5319166666666666,0.5575563707945598,0.0,2.85034577587697,0.0,6.382262442543531
27,69237.68729623042,done,van,3,1,False,False,1.8227499999999996,0.5678089954664758,0.0,1.7194617294929533,0.0,4.542211729493041
28,69397.68000553916,done,van,3,1,False,True,4.3469999999999995,1.2240391115883242,0.0,4.81366657434725,0.0,15.36941657434727
29,69426.3779404432,done,van,3,1,False,True,2.798333333333333,0.7780188698003658,0.0,6.801617659280115,1.6420833333334788,10.599950992613351
30,69519.48631504763,done,van,0,2,False,False,4.049916666666666,0.7342743378668576,0.0,0.341894749206161,0.0,5.39181141587275
31,69623.63987599338,done,van,2,1,False,False,2.0239999999999996,0.4898269108406903,0.0,2.8372520667770003,0.0,5.861252066777039
32,69634.70878881346,done,van,4,1,False,True,1.740333333333333,0.47858009226119463,0.0,2.1350201864423677,0.0,5.875353519775672
33,69651.37503128008,done,van,4,2,False,True,1.6004166666666666,0.4299267279090113,0.0,3.646916145331973,0.0,6.747332811998543
34,69826.52218398116,done,van,1,1,False,False,1.7326666666666666,0.4434104827805615,0.0,3.670546933647468,-0.9308333333331879,6.403213600314242
35,69860.51016490559,done,van,2,1,False,True,2.967,0.8733993478087966,0.0,4.349247251573494,0.0,9.31624725157332
36,70139.40953983882,done,van,2,2,False,True,5.274666666666666,1.4855742464010182,0.0,1.019091002686279,0.0,9.986424336019505
37,70175.41392603349,done,van,0,1,False,True,7.292916666666667,1.9765817625069593,0.0,6.855517899441717,0.0,21.61401789944163
38,70221.83372110574,done,van,4,1,False,True,3.3829166666666666,1.0314140419947506,0.0,2.380521314904278,0.0,11.884021314904384
39,70286.12422154855,done,van,1,1,False,True,3.695333333333333,0.9602049033643522,0.0,3.663596307523888,1.9161666666664436,10.352012974190439
40,70288.19485930978,done,van,4,1,False,True,1.7115833333333332,0.41203123757257615,0.0,5.2530023448370535,0.0,7.964585678170503
41,70289.98073597811,done,van,1,1,False,True,4.138083333333333,1.1670593732601606,0.0,1.265321067031376,0.0,8.160487733697908
42,70347.68503894254,done,van,3,1,False,False,4.2339166666666666,1.1364879106020838,0.0,5.466582684290915,0.0,10.70049935095764
43,70534.0600931065,done,van,0,1,False,True,2.576,0.527419867971049,0.0,6.805831781558179,0.0,10.38183178155814
44,70845.21713466701,done,van,1,1,False,False,3.233416666666666,0.8358063906784379,0.0,2.8946310888827913,0.0,7.128047755549535
45,71029.92037398167,done,van,4,3,False,False,5.648416666666666,1.4973802990535274,0.0,2.724827100305508,0.0,9.373243766972156
46,71052.1145017975,done,van,3,1,False,True,7.754833333333333,2.350398671756939,0.0,4.815174970041698,2.529500000000068,17.983091636708316
47,71057.64993173775,done,van,3,1,False,True,4.691999999999999,1.2651117473952118,0.0,2.09758447103765,0.0,10.654001137704473
48,71067.40003165737,done,van,2,1,False,True,4.799333333333333,1.343404517617116,0.0,6.576916139043897,-1.385083333333508,14.627832805710447
49,71117.99936655644,done,van,1,1,False,True,5.117499999999999,1.4743274278215222,0.0,7.493843890725596,0.0,17.167927224058804
50,71125.94277510703,done,van,0,1,False,True,3.177833333333333,0.8309596953789866,0.0,1.0171204148825685,0.0,7.970037081549283
51,71326.1633936276,done,van,4,1,False,False,4.663250000000001,1.3208487433389007,0.0,7.3546934395400365,0.0,13.017943439540007
52,71336.63181022406,done,van,2,1,False,True,5.284249999999999,1.522421558100692,0.0,7.369636496265594,1.23191666666656,15.25596982959881
53,71360.84979836432,done,van,3,1,False,True,1.4528333333333332,0.4140817625069593,0.0,4.60067002726161,0.0,7.553503360594914
54,71484.09050621059,done,van,1,1,False,True,2.2041666666666666,0.6595233834407063,0.0,4.9414915631564025,0.0,8.145658229823068
55,72390.22114818756,done,van,0,1,False,False,4.690083333333333,1.5257769625387736,0.0,1.3070641968741257,0.0,6.99714753020744
56,72397.80453332473,done,van,4,1,False,False,3.2391666666666667,1.1369228704366499,0.0,0.96792444458794,0.0,5.207091111254703
57,72418.53536294849,done,van,3,1,False,True,4.389166666666666,1.2345402847371352,0.0,3.7542439508584113,0.0,11.780243950858372
58,72658.39873738892,done,van,4,1,False,False,8.385416666666666,2.3060327686311934,0.0,2.5349377101847494,0.0,11.920354376851416
59,72679.84859510622,done,van,3,2,False,True,2.6239166666666667,0.7739178199315995,0.0,2.81977341489619,0.0,11.612690081562809
60,72774.7854017867,done,van,1,1,True,False,6.225333333333333,1.6837295196055038,0.0,1.733326636888281,0.0,8.958659970221682
61,73027.92648562488,done,van,3,1,False,True,5.502750000000001,1.2564125507038892,0.0,8.333475239585095,0.0,16.89230857291841
62,73062.29675212852,done,van,0,1,False,True,2.8864999999999994,0.7222818738566771,0.0,2.6908874645247125,0.0,9.39605413119134
63,73162.05938304783,done,van,3,1,False,True,5.702083333333333,1.3944812296190248,0.0,8.778843615869118,0.0,19.18367694920259
64,73171.60921307685,done,van,1,1,False,True,2.4724999999999997,0.6049669927622684,0.0,10.86834644871924,4.269249999999981,15.559596448719336
65,73207.14360137575,done,van,0,1,True,True,2.7005833333333333,0.716440984649646,0.0,1.2767733104041932,0.0,4.9773566437375845
66,73409.05465413268,done,van,1,1,False,True,3.2659999999999996,0.8583000278374293,0.0,1.374672431122114,0.0,9.929172431122181
67,73412.9703936453,done,van,1,1,False,True,4.333583333333333,1.1190273801002149,0.0,4.061243439245057,0.0,14.463410105911802
68,73437.44764855174,done,van,0,3,True,True,4.1457500000000005,1.1456842042471964,0.0,5.962705857470913,0.0,12.108455857470835
69,73446.76847911043,done,van,0,1,False,True,5.600499999999999,1.457363994273443,0.0,10.953108681492692,0.0,23.29685868149245
70,73602.41454804521,done,van,2,1,False,True,4.544416666666666,1.139470492324823,0.0,4.647757532579757,0.0,12.192174199246558
71,73689.75494070664,done,van,2,1,False,True,3.5151666666666666,0.9199400501073729,0.0,7.287500988222746,0.0,13.30266765488947
72,73835.57709585909,done,van,2,1,False,True,3.24875,0.9074504891434025,0.0,6.175298402348562,0.0,15.89704840234869
73,73869.70915273207,done,van,0,2,False,True,3.825666666666666,0.9655486956175933,0.0,6.8569307877985315,0.5,11.68259745446509
74,73964.71736376543,done,van,1,1,False,True,3.6761666666666666,0.9751178119780481,0.0,10.361377270576243,2.2228333333332557,17.938877270576388
75,73978.2895443615,done,van,2,1,False,True,4.164916666666667,1.2314334287759483,0.0,10.107340927308542,1.8615000000000388,18.15659092730857
76,74132.20723140739,done,van,1,1,False,True,4.799333333333333,1.343404517617116,0.0,5.228212809877005,0.0,17.23629614321059
77,74274.30554090146,done,van,3,2,False,False,4.032666666666667,1.0284935973912352,0.0,4.839657651641998,0.0,9.872324318308772
78,74346.79120962211,done,van,0,1,False,True,3.971333333333333,1.0773955102203134,0.0,11.705979839631134,0.0,17.99739650629781
79,74457.84980803552,done,van,3,2,False,True,5.096416666666666,1.2323654855643045,0.0,8.585919866074498,0.16808333333295497,20.67500319940785
80,74471.6180722515,done,van,1,1,False,True,3.4116666666666666,0.6393909568122166,0.0,6.152198795808605,0.0,15.046448795808828
81,74587.18103587176,done,van,5,1,False,True,3.67425,1.0274994034836553,0.0,6.4868160688039405,0.0,13.284232735470626
82,74888.5109800843,done,van,3,1,False,True,3.430833333333333,0.7865937922532411,0.0,4.888400331928036,0.0,9.319233665261466
83,74963.42568413877,done,van,5,1,False,True,2.896083333333333,0.9680341803865427,0.0,3.0388219310205993,0.0,12.282155264353786
84,75040.07785011931,done,van,0,2,False,True,5.497,1.5407520082716932,0.0,3.8862858313443818,0.0,16.124619164678005
85,75059.20041103396,done,van,0,1,False,True,3.2161666666666666,0.7132098544500118,0.0,7.2487431494337216,0.0,11.464909816100407
86,75077.39832377138,done,van,2,1,False,False,7.808499999999999,1.9791293843951323,0.0,3.5753612704771514,0.0,12.383861270477064
87,75258.00925494527,done,van,1,1,False,True,5.211416666666666,1.340608347252048,0.0,6.555012417579322,0.0,16.11601241757914
88,75413.16824210502,done,van,0,1,False,True,2.505083333333333,0.7293033683289589,0.0,18.331362631582792,4.043749999999515,22.836445964916006
89,75670.9604718748,done,van,1,1,False,True,2.3249166666666663,0.4919395728942973,0.0,0.6724921354204222,0.0,3.997408802087011
90,75692.04155626487,done,van,0,1,False,True,6.859749999999999,2.070533086773244,0.0,9.766307395585319,0.0,23.16947406225178
91,76093.88384000621,done,van,5,2,False,True,5.479749999999999,1.0409210212359818,0.0,6.074185999896629,0.0,14.951185999896795
92,76149.86403725448,done,van,1,1,False,False,2.9324999999999997,0.7302354251173149,0.0,6.00484937909229,0.0,9.937349379092241
93,76251.19381179933,done,van,0,1,False,True,1.6215,0.43713463373896444,0.0,6.236353136677645,0.0,10.711019803344243
94,76433.68625837062,done,van,5,1,False,True,4.891333333333333,1.2372121808637555,0.0,4.8358956938231135,0.0,15.754395693823122
95,76527.18987002083,done,van,1,1,False,True,4.902833333333334,1.2784712280283146,0.0,8.49366883298644,4.548000000000077,19.30075216631982
96,76577.74899929267,done,van,3,1,False,True,2.976583333333333,0.9629389366101965,0.0,7.14443334512204,0.0,14.10235001178856
97,76666.13063425747,done,van,0,1,False,True,3.9291666666666663,1.1668108247832656,0.0,10.566489429041878,0.0,19.439656095708536
98,76701.78744408206,done,van,1,2,False,True,5.521916666666667,1.5442316869482222,0.0,9.656125931965896,0.0,19.58370926529921
99,76768.21734760744,done,van,4,2,False,True,5.895666666666667,1.6167457050823193,0.0,14.372044206542585,-1.3807499999997768,25.186544206542507
100,76771.25370190221,done,van,3,1,False,True,6.6815,2.034742106100374,0.0,6.067438301629591,0.0,19.36135496829617
101,76825.0151967251,done,van,3,1,False,True,2.231,0.6114913902807604,0.0,7.852330054581398,0.0,15.119080054581476
102,76938.67645153239,done,van,4,2,False,True,3.2602499999999996,0.7831762506959358,0.0,7.964642474460076,0.0,15.409892474460017
103,76964.6398203012,done,van,4,2,False,True,4.6345,0.8950852024178796,0.0,18.27166966164635,0.3095000000001164,28.917002994979704
104,76978.77132211154,done,van,0,1,False,True,2.5549166666666663,0.6535582199952278,0.0,16.419477964807204,3.94399999999999,23.492644631473862
105,77220.77777104524,done,van,0,1,False,True,4.577,1.16488457408733,0.0,4.804453815912469,0.0,16.33195381591237
106,77251.78940844252,done,van,0,1,False,True,3.4078333333333335,0.801071741032371,0.0,17.9423431926242,0.0,25.88159319262413
107,77278.35479666485,done,van,1,1,False,True,1.7460833333333332,0.4233401932712956,0.0,24.539420055586138,4.090833333334013,27.28550338891946
108,77404.22513086074,done,van,3,1,False,True,4.60575,1.2584630756382724,0.0,3.01658115232082,0.0,11.021497818987458
109,77468.0497574341,done,van,3,1,False,True,7.292916666666667,2.2334566133778733,0.0,14.120004042764776,4.200583333333392,29.122170709431522
110,77537.97423204221,done,van,3,1,False,True,4.316333333333333,1.2357830271216097,0.0,10.329262799296218,1.4755833333333916,19.99926279929617
111,77552.49101354617,done,van,4,2,False,True,4.105499999999999,0.8806693907579733,0.0,17.734233107563583,1.0,26.967233107563757
112,77626.31901319594,done,van,5,1,False,True,3.3886666666666665,0.9638088562793287,0.0,5.546766446734304,0.0,13.158766446734322
113,77660.38808313641,done,van,2,2,False,False,4.1285,1.4110718404517617,0.0,6.161281947726578,0.0,11.289781947726684
114,77676.11897851063,done,van,0,1,False,True,8.891416666666665,2.7887760478803787,0.0,22.83226702482231,-1.6291666666666667,36.629100358155604
115,77689.5138851608,done,van,5,1,False,True,5.146249999999999,1.2514415811659905,0.0,7.92576858065319,-1.0567500000002232,18.114018580653163
116,77799.84851473953,done,van,1,2,True,False,4.1745,1.3820538057742782,0.0,4.230274754341371,0.0,9.40477475434139
117,77931.3848374426,done,van,3,1,False,True,3.233416666666666,0.8228197327606777,0.0,9.647919375956311,0.0,16.77141937595637
118,77993.94328690306,done,van,4,1,False,True,3.5841666666666665,0.7570786606219677,0.0,9.376695218282112,0.0,18.588361884948974
119,78066.01849130649,done,van,0,1,False,True,3.703,0.7933667382486279,0.0,5.871858478224749,-1.791333333333993,10.574858478224632
120,78097.01633673135,done,van,5,1,False,False,6.597166666666666,1.5992851745804502,0.0,14.52864438781083,0.0,22.125811054477527
121,78358.80242881065,done,van,4,1,False,True,5.60625,1.4606572615923008,0.0,7.9327928531556005,0.0,16.35937618648895
122,78362.41277832272,done,van,1,1,False,True,4.3144166666666655,1.344771534240038,0.0,2.882370361288243,0.0,11.715037027955017
123,78584.748218741,done,van,0,1,False,True,2.292333333333333,0.5973862642169728,0.0,13.869196354315985,0.0,17.16152968764921
124,78937.8955876287,done,van,2,3,False,False,2.1236666666666664,0.5524611270182136,0.0,3.2855735395217684,-1.1704999999999322,6.4092402061884055
125,79142.87406144034,done,van,2,1,False,True,5.939749999999999,1.581389684244015,0.0,6.921848975994362,0.0,17.238015642661047
126,79342.18322828985,done,van,3,1,False,False,5.138583333333333,1.4301479360534477,0.0,4.881696195169207,0.0,11.020279528502579
127,79371.78418890167,done,van,2,1,False,True,3.233416666666666,0.8417094170046925,0.0,5.896846851638839,0.0,10.130263518305583
128,79717.58358701377,done,van,0,1,False,True,11.354333333333331,3.4823505726556907,0.0,4.935106883103193,0.0,26.174356883103126
129,79804.52810619735,done,van,4,1,False,True,4.3527499999999995,1.1544455380577427,0.0,3.5486982300441015,0.0,11.464948230044198
130,79849.16543398678,done,van,4,1,False,True,1.67325,0.5429541477769824,0.0,7.1339927668869985,1.7883333333331393,12.870742766887027
131,79907.54672411642,done,van,3,2,False,True,3.8409999999999997,1.0510493716694504,0.0,8.53897126472657,1.0,13.379971264726676
132,79972.61370553459,done,van,0,1,False,True,5.408833333333333,1.6814304461942258,0.0,6.305688241089471,0.0,12.714521574422784
133,79996.7126544579,done,van,3,2,False,True,6.150583333333333,1.7816576195021077,0.0,5.489372425701974,0.0,18.276122425702003
134,80004.08726726037,done,van,1,1,True,True,3.47875,0.8938424600334048,0.0,4.849712212327237,-0.9538333333332655,13.967712212327024
135,80025.76223022616,done,van,4,1,False,True,3.9617499999999994,1.0869024894615447,0.0,8.277712829564068,-0.7860833333332267,16.213629496230716
136,80064.7888290047,done,van,1,3,False,True,5.410749999999999,1.3437152032132347,0.0,6.273602849921735,0.0,17.557436183254808
137,80078.51254285526,done,van,5,1,False,True,2.8424166666666664,0.735330668893661,0.0,9.233790952412285,-1.0,17.838374285745523
138,80155.79565428135,done,van,2,1,False,False,5.857333333333333,1.7426976457488268,0.0,2.6519057619775896,0.0,9.509239095310962
139,80196.80833456333,done,van,1,2,False,True,3.9751666666666665,1.0340238010021474,0.0,5.765194423944437,0.0,12.2561944239443
140,80213.08292968856,done,van,5,1,False,True,2.1006666666666662,0.5977590869323153,0.0,5.343117838523904,-2.0,9.443784505190463
141,80220.62044911293,done,van,4,2,False,True,2.993833333333333,0.6945687186828918,0.0,2.740409181451105,0.0,8.734242514784516
142,80293.26259060051,done,van,4,1,False,True,6.229166666666666,1.610531993159946,0.0,14.88304015665805,0.0,28.28337348999145
143,80400.77008966908,done,van,5,1,False,True,5.247833333333333,1.5321770858188182,0.0,16.06833183884834,2.730500000000029,24.31616517218184
144,80530.53712718049,done,van,4,2,False,True,8.266583333333333,2.0450568678915135,0.0,16.677964546991763,0.0,28.59454788032502
145,80555.4930044688,done,van,5,2,False,True,4.228166666666666,1.1379792014634535,0.0,5.994533258853335,0.0,12.989616592186454
146,80748.78387765525,done,van,2,3,False,True,3.4289166666666664,1.0179302871232006,0.0,5.342768705745887,0.0,12.272435372412534
147,80877.45413458806,done,van,2,1,False,True,4.327833333333333,1.0878966833691242,0.0,6.185847756865891,0.0,15.31034775686591
148,80995.83514351146,done,van,5,2,False,True,3.5036666666666667,1.039491867493836,0.0,11.070164274808727,0.0,17.292330941475424
149,81146.46380900589,done,van,5,1,False,True,6.355666666666666,1.7015007357034917,0.0,10.887936516568395,0.0,20.71176984990161
150,81162.1301061073,done,van,3,1,False,False,3.9291666666666663,1.2007376918794241,0.0,3.040581564878327,0.0,7.969748231544994
151,81352.69065233332,done,van,1,1,False,True,6.873166666666666,1.5606358864232879,0.0,4.75632246111151,0.0,14.409572461111626
152,81562.46254956484,done,van,0,1,False,True,6.144833333333334,1.6791935099021713,0.0,3.4510408405859683,0.0,15.250707507252567
153,81628.78398673747,done,van,0,3,False,True,3.7489999999999997,0.9830092261194623,0.0,8.099016887708665,0.0,12.848016887708702
154,81678.15441260817,done,van,1,1,False,True,3.607166666666666,0.9589621609798774,0.0,4.391426456530705,0.0,13.458426456530772
155,81734.7079516499,done,van,2,1,False,False,5.548749999999999,1.6017085222301757,0.0,4.669950805835105,0.0,11.218700805835153
156,82001.09609509476,done,van,3,1,False,True,4.011583333333333,1.1459327527240912,0.0,3.318481748420648,0.0,9.897398415087325
157,82017.25668496001,done,van,4,3,False,True,4.655583333333333,1.131081981229619,0.0,2.173805250666434,0.0,13.825888583999767
158,82046.67678862567,done,van,3,1,False,True,5.621583333333333,1.3268139067843794,0.0,4.208553522905519,0.0,16.715970189572303
159,82158.13174264492,done,van,4,1,False,True,4.2645833333333325,1.1001998329754235,0.0,5.843470955917777,0.0,15.567387622584647
160,82180.45577729213,done,van,0,1,False,True,3.603333333333333,0.9678477690288713,0.0,7.240487045131158,1.0,13.212070378464462
161,82384.2775138252,done,van,0,1,False,True,2.6315833333333334,0.6572243100294282,0.0,2.843458102913185,0.0,7.4750414362465865
162,82425.16566570487,done,van,0,1,False,True,6.3020000000000005,1.9267477928895251,0.0,10.54398890491866,0.8929166666666182,24.36190557158528
163,82495.39500247617,done,van,1,1,True,False,3.6991666666666663,0.9739372067127973,0.0,1.6966666253974836,0.0,6.3958332920641014
164,82621.66930677337,done,van,0,1,False,True,5.013999999999999,1.131081981229619,0.0,12.713678220443642,0.1264999999999418,18.727678220443583
165,82658.32126802173,done,van,3,1,False,True,2.974666666666666,0.8702924918476099,0.0,7.021895532971394,0.0,14.530145532971316
166,82712.45055658769,done,van,4,2,False,True,2.3804999999999996,0.6315616797900262,0.0,2.7393240568717983,0.0,8.42724072353861
167,82797.53218600049,done,van,2,2,False,True,5.644583333333332,1.5204953074047562,0.0,6.228130233325161,0.0,17.780796899991888
168,82860.26260186241,done,van,3,2,False,True,5.12325,1.4144893820090672,0.0,13.956789968959734,3.5335833333333238,22.10545663562637
169,82967.5195274695,done,van,1,1,False,True,3.436583333333333,0.9218663008033086,0.0,3.8784245421751016,0.0,10.238841208841768
170,83008.27124552369,done,van,3,1,False,True,2.1275,0.5181614372067128,0.0,3.2646459079386356,0.0,6.392145907938539
171,83017.53623555815,done,van,5,1,False,True,3.6876666666666664,0.9480881651157241,0.0,3.99497940736425,0.0,9.68264607403083
172,83063.70569475104,done,van,1,1,False,True,5.343666666666667,1.3202895092658873,0.0,4.243238420816002,0.0,15.54123842081608
173,83117.4169623048,done,van,2,1,False,True,4.716916666666666,1.4526415732124394,0.0,6.648133961586912,0.0,15.333717294920158
174,83204.0104495326,done,van,5,1,False,True,4.500333333333333,1.16954485802911,0.0,2.2052425077900506,0.0,13.153492507790117
175,83216.54903940679,done,van,4,1,False,True,2.9689166666666664,0.735330668893661,0.0,2.735516009886972,0.0,9.967516009886943
176,83263.67937389028,done,van,4,1,False,True,2.8922499999999998,0.6899084347411119,0.0,12.42451043516218,4.326583333333352,18.22934376849565
177,83296.50563435015,done,van,0,1,False,True,6.075833333333333,1.7663097510538455,0.0,11.547072760830634,0.0,23.79998942749759
178,83344.12598562555,done,van,4,2,False,True,4.230083333333333,1.1190273801002149,0.0,3.063983572907697,0.0,9.794066906240914
179,83378.24508277926,done,van,0,1,False,True,6.179333333333332,1.639612164956653,0.0,16.920331953678883,3.0330833333335856,28.221665287012243
180,83520.7342535303,done,van,3,1,False,True,3.3522499999999997,0.8896171359261911,0.0,8.846012441161536,0.0,14.698262441161448
181,83563.79826041928,done,van,4,1,False,True,2.2041666666666666,0.6595233834407063,0.0,3.1800289930120926,0.0,11.261112326345513
182,83579.5862619586,done,van,0,1,False,True,4.2435,1.1650088483257774,0.0,10.646062300689907,4.719749999999961,17.037145634023425
183,83606.19450689544,done,van,5,1,False,False,4.8875,1.280024656008908,0.0,12.516174885075937,-1.3582499999999225,18.403674885075937
184,83608.5240873287,done,van,5,1,False,True,4.41025,1.2557290423924283,0.0,3.8284318778549884,-2.0,10.350098544521703
185,83967.1575581047,done,van,0,1,False,True,7.4615833333333335,1.9789429730374613,0.0,2.1170406982550047,0.0,15.878624031588455
186,84028.37369895742,done,van,3,1,False,True,3.4212499999999997,0.8449405472043267,0.0,5.237605017376094,1.2514999999996992,10.158855017375997
187,84188.75177186087,done,van,2,1,False,True,4.3527499999999995,1.1544455380577427,0.0,2.9876371356520393,0.0,9.340387135651932
188,84202.09832954394,done,van,2,1,False,True,4.971833333333333,1.357633917919351,0.0,8.117944507600866,0.0,14.58977784093416
189,84287.47918057654,done,van,4,1,False,False,2.98425,1.085846158434741,0.0,4.443263657057832,0.0,8.427513657057716
190,84438.07758972567,done,van,5,1,False,False,7.106999999999999,2.166410661735465,0.0,8.465956837905347,0.0,16.57295683790532
191,84616.23732438183,done,van,3,1,False,False,3.2257499999999997,0.791502624671916,0.0,3.393044593635811,0.0,7.618794593635782
192,84683.63767311948,done,van,1,1,False,True,3.068583333333333,0.8015688379861607,0.0,4.81337211467544,0.0,13.747122114675586
193,84944.67216771866,done,van,1,1,False,True,3.681916666666666,0.8775625347967867,0.0,2.858130538022427,0.0,11.035047204689182
194,85037.70957126087,done,van,1,1,False,True,1.6329999999999998,0.45242036506800287,0.0,3.0971738123189425,0.0,5.730173812318875
195,85109.83233319987,done,van,3,1,False,False,1.37425,0.33821233993478084,0.0,3.0675444466687622,0.0,5.4417944466687915
196,85133.78947642824,done,van,4,1,False,True,4.7265,1.4945219915692356,0.0,3.4545920595291437,-2.0,15.094425392862467
197,85200.63053593859,done,van,0,1,False,False,5.03125,1.1569931599459158,0.0,6.101491067690222,-0.2060833333331781,12.132741067690223
198,85364.40296410282,done,van,4,1,False,True,1.9530833333333333,0.5210197446910045,0.0,2.41220059828629,1.0,7.814533931619613
199,85374.59001731213,done,van,4,1,False,True,2.3862499999999995,0.8553795832339138,0.0,0.4412497114642368,0.0,5.492583044797599
200,85530.72146264333,done,van,3,1,False,False,4.49075,1.1491017458045016,0.0,3.2479756226113143,0.0,8.738725622611431
201,85611.85493369687,done,van,5,2,False,True,1.8054999999999999,0.43029955062435377,0.0,2.462584438385481,0.0,9.429584438385548
202,85627.22370561189,done,van,1,1,False,False,6.505166666666666,1.7823411278135688,0.0,5.577604906468575,0.0,13.082771573135203
203,85632.32813509657,done,van,5,1,False,True,2.418833333333333,0.5715993597391235,0.0,5.900031081723864,1.0,10.818864415057275
204,85640.08340230791,done,van,5,2,False,True,2.0182499999999997,0.4895783623637954,0.0,4.009859961534918,0.0,11.189609961534977
205,85786.51741852146,done,van,4,1,False,True,2.712083333333333,0.6785994790423924,0.0,7.1517096913087395,0.0,14.573459691308623
206,85798.92628004769,done,van,5,1,False,True,3.722166666666666,1.0071805654974946,0.0,5.006978665871914,2.161500000000039,12.218145332538551
207,85994.24840109564,done,van,0,1,False,False,3.8103333333333333,0.910619482223813,0.0,2.386193315072645,0.0,7.196526648405901
208,86099.95026258557,done,van,2,1,False,False,4.0192499999999995,1.1198351626501233,0.0,3.21507895690714,0.0,8.23432895690712
209,86174.51881224383,done,van,4,1,False,True,3.655083333333333,1.1782440547204327,0.0,4.324269795935834,0.0,11.683019795935737
210,86195.41565109017,done,van,0,1,False,True,3.066666666666667,0.6518805177761869,0.0,7.258989148497009,0.0,14.69032248183042
211,86198.00854680724,done,van,2,1,False,True,10.35,2.780325399665951,0.0,11.611857553212758,0.6920833333334788,30.76619088654576
212,86236.01626212416,done,van,5,1,False,True,2.543416666666666,0.6644943529786049,0.0,6.309228964597181,0.0,12.054395631263711
213,86271.2124087332,done,van,1,2,False,False,6.146749999999999,1.6568241469816274,0.0,4.655126521113319,0.0,11.801876521113202
214,86305.58366929581,done,van,4,1,False,True,3.6109999999999998,1.0692555476020043,0.0,19.742188845069176,4.405666666666123,28.56335551173591
215,86411.51833464016,done,van,4,1,False,True,4.471583333333333,1.5029726397836636,0.0,2.022111089330186,0.0,12.995944422663403
216,86487.31491465586,done,van,2,1,False,True,1.8879166666666665,0.5195905909488587,0.0,11.52566808906898,0.0,16.41358475573555
217,86490.21260850418,done,van,0,3,False,True,2.99575,0.7603097908216018,0.0,8.7770398582635,1.859833333333275,13.272789858263423
218,86546.88838479338,done,van,5,1,False,True,4.327833333333333,1.0878966833691242,0.0,4.512360253443573,0.0,15.556610253443553
219,86564.27056693671,done,van,0,1,False,True,5.251666666666666,1.5206195816432035,0.0,3.3169905510546718,0.0,14.90365721772129
220,86597.37621923826,done,van,4,3,False,True,5.945499999999999,1.6628514475463294,0.0,11.467813012695114,1.845499999999447,21.392729679361704
221,86921.4725990033,done,van,5,1,False,True,2.13325,0.5462474150958403,0.0,1.931290016611456,0.0,5.064540016611378
222,86940.34755586249,done,van,4,1,False,True,5.152,1.3333383043028713,0.0,11.261040735624556,1.6310833333329355,19.41162406895795
223,86944.84534346046,done,van,2,1,False,True,4.218583333333333,0.9776032967469975,0.0,7.000327608992181,0.6758333333331393,13.218910942325358
224,87040.17282084159,done,van,2,1,False,True,2.2655000000000003,0.6045320329277022,0.0,4.411536319306712,-1.8241666666668608,9.177036319306596
225,87194.93091362859,done,van,5,1,False,True,2.993833333333333,0.6945687186828918,0.0,11.576568106190098,1.9698333333333722,16.612568106190157
226,87304.56328141589,done,van,3,1,False,True,5.713583333333333,1.5216137755507835,0.0,5.125528643068537,0.0,17.523445309735205
227,87385.00453639972,done,van,3,1,False,True,6.035583333333332,1.6553328561202576,0.0,8.275091060004586,0.061333333333216916,19.932924393337938
228,87411.51893614103,done,van,5,1,False,True,4.989083333333332,1.3661467032530024,0.0,4.730017730982703,0.0,17.138434397649448
229,87491.50138544993,done,van,5,1,False,True,2.7542499999999994,0.7467638988308279,0.0,8.333310242501224,0.0,13.576560242501243
230,87521.3138542362,done,van,0,1,False,False,3.8409999999999997,1.0829257138312256,0.0,4.944019096063372,0.0,9.785019096063479
231,87601.43678277955,done,van,5,1,False,True,3.0014999999999996,0.7699410443012804,0.0,22.674053620340903,2.409333333333537,26.675553620340846
232,87630.4610061844,done,van,4,1,False,True,5.426083333333334,1.5465928974787242,0.0,14.198066563592874,0.17766666666599729,26.149983230260112
233,87643.695515621,done,van,0,1,False,True,3.1126666666666667,0.7347092977014237,0.0,9.861074739650212,-0.2274999999991754,14.973741406316792
234,87664.61181768624,done,van,4,1,False,True,1.9013333333333333,0.4907589676290463,0.0,17.176969705229567,-2.0,20.07830303856293
235,88085.69830276557,done,van,0,1,False,True,2.4724999999999997,0.6049669927622684,0.0,5.271111620574084,0.0,13.01294495390733
236,88130.44491197325,done,van,3,1,False,True,2.3824166666666664,0.6785994790423924,0.0,13.384918133779138,0.9811666666663466,21.643751467112452
237,88130.95080060021,done,van,0,1,False,True,2.786833333333333,0.7229032450489143,0.0,16.803486656663154,0.7349166666664435,25.090403323329763
238,88211.06396081357,done,van,5,1,False,True,4.12275,1.0937997096953789,0.0,9.20785065310726,0.7135833333333721,18.855100653107122
239,88325.05841298527,done,van,3,1,False,True,2.321083333333333,0.5850831146106736,0.0,3.2653597835788486,0.0,7.086443116912172
240,88375.64032910489,done,van,0,1,False,True,1.7767499999999998,0.50480195657361,0.0,3.9569945149186725,-1.2536666666659584,6.733744514918604
241,88487.78606438435,done,van,3,1,True,True,3.4404166666666662,0.9177031138153185,0.0,13.239065593594084,1.8466666666664726,18.179482260260798
242,88806.71848139074,done,van,3,1,False,True,4.458166666666666,1.3370043943370713,0.0,6.9235253101542185,2.8764166666665307,17.87935864348765
243,88901.20848485283,done,van,3,2,False,True,3.603333333333333,0.9678477690288713,0.0,2.562358585786084,0.0,12.833691919119397
244,88912.34071938357,done,van,0,1,False,True,3.9655833333333335,1.1717196572019406,0.0,2.1305713436071527,0.0,8.096154676940447
245,88999.17988347624,done,van,5,2,False,False,7.844916666666666,2.1222311699673906,0.0,9.90750194206242,0.0,18.752418608729204
246,89187.75030977253,done,van,2,1,False,False,2.0374166666666667,0.4263849121132586,0.0,4.836828170457981,0.0,7.87424483712457
247,89587.87296015582,done,van,0,1,False,True,3.499833333333333,0.961199097271932,0.0,4.129700664069727,0.0,13.62003399740303
248,89612.09011390772,done,van,2,1,False,True,4.626833333333333,1.3742245287520878,0.0,4.385831434871458,0.0,14.489498101538144
249,89695.1097670151,done,van,3,2,False,True,2.510833333333333,0.5229459953869403,0.0,6.464587216414899,1.0,9.975420549748135
250,89708.54878294755,done,van,0,1,False,True,5.477833333333334,1.4948326771653542,0.0,6.169770284207576,0.0,13.14760361754088
251,89744.48501922756,done,van,2,2,False,True,5.966583333333333,1.5079436093215621,0.0,6.776833012873976,0.0,20.513749679540584
252,89766.99290517916,done,van,5,1,False,True,3.2889999999999997,0.8810422134733159,0.0,10.782868247014024,-1.0499166666665891,15.571868247013965
253,89794.82258168493,done,van,4,1,False,True,1.8399999999999999,0.4376317306927543,0.0,3.963540305251081,0.0,10.465790305250994
254,89836.73273483527,done,van,2,3,False,True,5.431833333333333,1.9086658911954186,0.0,13.064371086078852,0.0,21.237704419412086
255,89839.64009162594,done,van,3,1,False,True,4.753333333333333,1.2481483138471328,0.0,3.055748472900935,0.0,11.11408180623427
256,89859.63969577309,done,van,4,1,False,True,2.6852499999999995,0.8295305416368408,0.0,5.771171737114977,0.29133333333326544,14.515671737114948
257,89964.63330535816,done,van,2,1,False,True,4.521416666666666,1.3564533126541,0.0,13.613611577363917,-0.38866666666654054,23.222778244030632
258,89998.25655353174,done,van,1,1,False,True,2.8424166666666664,0.735330668893661,0.0,10.297807441137653,-1.5513333333331198,14.140224107804292
259,90017.78089379767,done,van,1,1,False,True,4.368083333333333,0.8793023741350512,0.0,5.378651770038899,0.0,15.940151770038938
260,90027.8019977625,done,van,3,1,False,True,5.105999999999999,1.8258371112701821,0.0,11.75746670395844,2.691916666666657,18.909466703958362
261,90067.55832902681,done,van,5,1,False,False,3.908083333333333,1.1062271335401257,0.0,20.957444516219645,4.8102499999998445,25.865527849552986
262,90109.96351571643,done,van,5,1,False,True,3.919583333333333,1.1553775948460987,0.0,1.8740247380594761,0.0,8.790274738059331
263,90120.94906592481,done,van,4,1,False,True,3.9617499999999994,1.0869024894615447,0.0,7.533265567919686,0.0,15.415265567919414
264,90224.86964993039,done,van,3,1,False,True,4.168749999999999,1.1032445518173863,0.0,11.949339167826839,0.8971666666669383,20.92625583449335
265,90497.32153205028,done,van,4,1,False,True,4.184083333333333,1.08099946313529,0.0,11.482391132494861,-0.5405000000001261,19.84405779916172
266,90550.78603352458,done,van,5,1,False,False,4.448583333333333,1.3801275550783423,0.0,6.9550661079236304,0.0,12.403649441256857
267,90555.67307717065,done,van,4,1,False,True,4.672833333333333,1.3281809234073014,0.0,4.775948713822193,0.0,16.144365380488793
268,90559.36757740477,done,van,1,1,False,True,2.9056666666666664,0.8581136164797581,0.0,10.963373709920415,0.0,19.613707043253573
269,90919.07657364587,done,van,1,1,False,True,1.75375,0.48796279726397834,0.0,10.736390439235402,3.628500000000107,17.986140439235168
270,91076.44079416778,done,van,1,2,False,True,5.782583333333333,1.752204624990058,0.0,4.259736763870266,0.0,13.021486763870053
271,91321.56594183584,done,van,5,1,False,False,1.6215,0.43713463373896444,0.0,6.33748430273578,0.0,8.958984302735674
272,91507.51086233054,done,van,3,1,False,True,3.126083333333333,0.8320160264057902,0.0,3.5411522944908937,-0.4083333333333333,12.423652294491088
273,91763.29327940277,done,van,3,1,False,True,2.3766666666666665,0.6736285095044937,0.0,1.4626120099538336,0.0,4.839278676620597
274,91794.04376590344,done,van,4,1,False,False,3.900416666666666,1.142515211166786,0.0,4.130020568276086,0.0,9.030437234942656
275,92647.80676776601,done,van,1,1,False,True,3.3292499999999996,0.810392308915931,0.0,1.5198872038997555,0.0,6.849137203899833
276,92754.30938960466,done,van,1,2,False,True,5.125166666666666,1.406784379225324,0.0,3.4185935065889983,0.0,12.086926839922429
277,92803.45462478878,done,van,4,1,False,False,2.0374166666666667,0.4263849121132586,0.0,2.5968395868536995,0.0,5.634256253520289
278,93027.15254937463,done,van,5,1,False,False,3.563083333333333,1.0036387497017418,0.0,5.540624177089437,0.0,10.103707510422828
279,93157.03767504779,done,van,3,1,False,True,4.23775,1.200054183567963,0.0,5.172455415870112,0.0,13.209205415869897
280,93182.92226536789,done,van,2,1,False,False,5.284249999999999,1.522421558100692,0.0,4.620045577201866,0.0,10.904295577201749
281,93206.68876702235,done,van,3,1,False,True,1.75375,0.48796279726397834,0.0,5.344937216294056,0.0,9.09868721629391
282,93462.25229337571,done,van,3,1,False,True,3.4212499999999997,0.9626903881333014,0.0,3.0362117770712453,0.0,9.400461777071177
283,93498.89069309045,done,van,4,1,False,False,3.158666666666667,0.8895549988069672,0.0,4.821571781825818,0.0,8.980238448492551
284,93527.6900204029,done,van,5,2,False,False,2.706333333333333,0.6888521037143084,0.0,3.051082993285187,0.0,6.757416326618598
285,93597.11754580245,done,van,0,1,False,False,5.502750000000001,1.4347460828760041,0.0,1.6388742366257552,0.0,8.141624236625649
286,93859.89786493713,done,van,2,2,False,True,4.80125,1.2713254593175853,0.0,3.392202251047759,0.0,14.695452251047875
287,94020.73746708487,done,van,2,1,False,True,2.2846666666666664,0.7935531496062991,0.0,1.7115422152521205,0.0,4.996208881918816
288,94416.40333810665,done,van,0,1,False,False,2.2041666666666666,0.506914618627217,0.0,2.9673610315558716,0.0,6.171527698222538
289,95028.55187601557,done,van,0,1,False,False,4.109333333333333,1.2257168138073649,0.0,3.9225520664071762,0.0,9.03188539974047
290,95528.65848281677,done,van,4,1,False,True,3.5879999999999996,1.0010911278135686,0.0,2.3586086197205685,0.0,11.170441953054008
291,95671.87822835178,done,van,4,1,False,True,4.780166666666667,1.3554591187465204,0.0,3.5456961941371747,0.0,10.552279527470576
292,96007.81387731299,done,van,2,1,False,False,3.9636666666666667,1.1638903801797502,0.0,3.536102044783426,0.0,8.499768711450209
293,96032.35860739628,done,van,5,1,False,False,2.0163333333333333,0.4542223415254911,0.0,3.111439876728643,0.0,6.127773210061908
294,96121.30606258339,done,van,5,1,False,False,4.27225,1.179548934224131,0.0,8.399815623610145,0.0,13.672065623610251
295,96329.90110321375,done,van,2,3,False,False,3.4576666666666664,0.8340665513401734,0.0,6.640814946437604,1.4703333333335953,11.098481613104378
296,96467.56599768635,done,van,4,1,False,True,6.744749999999999,2.218730116121848,0.0,5.125400038560716,0.0,19.12156670522745
297,96511.11542918226,done,van,3,1,False,True,6.554999999999999,1.6373130915453749,0.0,8.230492846962443,0.0,17.486992846962433
298,96768.7674887869,done,van,4,1,False,True,4.115083333333333,0.8940910085102999,0.0,2.9204585202181383,0.0,8.035541853551452
299,96855.94860199443,done,van,3,1,False,True,4.448583333333333,1.1706011890559136,0.0,7.04635663342633,0.0,15.132023300092987
